[
  {
    "county": "Nairobi",
    "lgas": [
      "Airbase",
      "Babadogo",
      "Bagina",
      "California",
      "Carura",
      "Clay City",
      "Dandora Area I",
      "Dandora Area II",
      "Dandora Area III",
      "Dandora Area IV",
      "Eastleigh North",
      "Eastleigh South",
      "Embakasi",
      "Embakasi Central",
      "Embakasi East",
      "Embakasi North",
      "Embakasi South",
      "Embakasi West",
      "Gatina",
      "Githurai",
      "Harambee",
      "Hospital",
      "Kabiro",
      "Kahawa",
      "Kahawa West",
      "Kangemi",
      "Karura",
      "Karen",
      "Kariobangi North",
      "Kariobangi South",
      "Kasarani",
      "Kawangware",
      "Kayole Central",
      "Kayole North",
      "Kayole South",
      "Kileleshwa",
      "Kilimani",
      "Kitisuru",
      "Komarock",
      "Korogocho",
      "Landimawe",
      "Lang'ata",
      "Lucky Summer",
      "Lower Savannah",
      "Makadara",
      "Makongeni",
      "Makina",
      "Maboteni",
      "Madaraka",
      "Maringo/Hamza",
      "Matopeni/Spring Valley",
      "Mbita",
      "Mihango",
      "Mlango Kubwa",
      "Mowlem",
      "Mountain View",
      "Mutuini",
      "MuNamwana",
      "Ngara",
      "Nairobi Central",
      "Nairobi South",
      "Nairobi West",
      "Ngei",
      "Njiru",
      "North Savanna",
      "Nyayo Highrise",
      "Pangani",
      "Parklands/Highridge",
      "Pipeline",
      "Pumwani",
      "Riruta",
      "Roysambu",
      "Ruai",
      "Sarangombe",
      "South C",
      "Starehe",
      "Umoja I",
      "Umoja II",
      "Uthiru/Ruthimitu",
      "Utawala",
      "Utalii",
      "Viwandani",
      "Woodley/Kenyatta Golf Course",
      "Zimmerman",
      "Westlands",
      "Dagoretti North",
      "Dagoretti South",
      "Langata",
      "Kibra",
      "Roysambu",
      "Kasarani",
      "Ruaraka",
      "Embakasi Central",
      "Embakasi North",
      "Embakasi South",
      "Embakasi East",
      "Embakasi West",
      "Makadara",
      "Kamukunji",
      "Starehe",
      "Mathare",
      "Westlands"
    ]
  },
  {
    "county": "Mombasa",
    "lgas": [
      "Airport",
      "Bamburi",
      "Bofu",
      "Changamwe",
      "Chaani",
      "Frere Town",
      "Ganjoni/Shimanzi",
      "Jomvu Kuu",
      "Kadzandani",
      "Kipevu",
      "Kongowea",
      "Majengo",
      "Magogoni",
      "Mikindani",
      "Mkomani",
      "Miritini",
      "Mji wa Kale/Makadara",
      "Mjambere",
      "Mtopanga",
      "Mtwapa",
      "Mtongwe",
      "Mwakirunge",
      "Nyali",
      "Port Reitz",
      "Shanzu",
      "Shika Adabu",
      "Timbwani",
      "Tononoka",
      "Tudor",
      "Ziwa la Ng’ombe",
      "Changamwe",
      "Kisauni",
      "Likoni",
      "Mvita",
      "Nyali"
    ]
  },
  {
    "county": "Nakuru",
    "lgas": [
      "Amalo",
      "Bahati",
      "Barut",
      "Biashara",
      "D Dundori",
      "Dundori",
      "Eburru/Mbaruk",
      "Elburgon",
      "Elementaita",
      "Flamingo",
      "Gilgil",
      "Hells Gate",
      "Kabatini",
      "Kapkures",
      "Kiamaina",
      "Kivumbini",
      "Kihingo",
      "Keringet",
      "Kiptagich",
      "Kiptororo",
      "Lanet/Umoja",
      "Lake View",
      "Lare",
      "London",
      "Mai Mahiu",
      "Maiella",
      "Menengai",
      "Menengai West",
      "Molo",
      "Mosop",
      "Murindat",
      "Naivasha East",
      "Nakuru East",
      "Nakuru Town East",
      "Nakuru Town West",
      "Nessuit",
      "Njoro",
      "Nyota",
      "Olkaria",
      "Rhoda",
      "Shaabab",
      "Sirikwa",
      "Soin",
      "Solai",
      "Subukia",
      "Tinet",
      "Turi",
      "Viwandani",
      "Visoi",
      "Waseges"
    ]
  },
  {
    "county": "Kiambu",
    "lgas": [
      "Bibirioni",
      "Biashara",
      "Camasa",
      "Cianda",
      "Chania",
      "Gatuanyaga",
      "Gatongora",
      "Gichugu",
      "Githiga",
      "Githunguri",
      "Gituamba",
      "Gitaru",
      "Ikinu",
      "Juja",
      "Kahawa Sukari",
      "Kahawa Wendani",
      "Kalimoni",
      "Kamenu",
      "Karai",
      "Karuri",
      "Kiamwangi",
      "Kihara",
      "Kijabe",
      "Kinoo",
      "Kiuu",
      "Kiganjo",
      "Kinale",
      "Komothai",
      "Mang'u",
      "Muguga",
      "Murera",
      "Mwiki",
      "Mwihoko",
      "Nachu",
      "Ndarugu",
      "Ndenderu",
      "Ndumberi",
      "Ndeiya",
      "Ngenda",
      "Ngoliba",
      "Ngecha Tigoni",
      "Ngewa",
      "Niari",
      "Riabai",
      "Ruiru",
      "Sigona",
      "Theta",
      "Thika Township",
      "Tigoni",
      "Ting’ang’a",
      "Township",
      "Uthiru",
      "Witeithie"
    ]
  },
  {
    "county": "Kajiado",
    "lgas": [
      "Dalalekutuk",
      "Entonet/Lenkisi",
      "Ewuaso Oonkidong’i",
      "Ildamat",
      "Iloodokilani",
      "Imaroro",
      "Kaputiei North",
      "Keekonyokie",
      "Kenyawa-Poka",
      "Kimana",
      "Kitengela",
      "Kuku",
      "Matapato North",
      "Matapato South",
      "Mbirikani/Eselenkei",
      "Mosiro",
      "Ngong",
      "Nkaimurunya",
      "Oloolua",
      "Ongata Rongai",
      "Oloosirkon/Sholinke",
      "Purko",
      "Rombo",
      "Kajiado Central",
      "Kajiado East",
      "Kajiado North",
      "Kajiado South",
      "Kajiado West"
    ]
  },
  {
    "county": "Kisumu",
    "lgas": [
      "Ahero",
      "Awasi/Onjiko",
      "Central Kisumu",
      "Chemelil/Muhoroni",
      "Centrale Seme",
      "East Kano/Wawidhi",
      "East Seme",
      "Kajulu",
      "Kabonyo/Kanyagwal",
      "Koluwa Central",
      "Kolwa East",
      "Kondele",
      "Koru",
      "Kisumu North",
      "Kobura",
      "Masogo/Nyang’oma",
      "Market Milimani",
      "Migosi",
      "Miwani",
      "Muhoroni/Koru",
      "Nyalenda A",
      "Nyalenda B",
      "North Nyakach",
      "North Seme",
      "Nyando",
      "Ombeyi",
      "Railways",
      "Shauri Moyo/Kaloleni",
      "South East Nyakach",
      "South West Kisumu",
      "South West Nyakach",
      "West Kisumu",
      "West Nyakach",
      "West Seme"
    ]
  },
  {
    "county": "Kilifi",
    "lgas": [
      "Adu",
      "Bamba",
      "Chasimba",
      "Dabaso",
      "Ganda",
      "Ganze",
      "Garashi",
      "Gongoni",
      "Jaribuni",
      "Jilore",
      "Junju",
      "Kakuyuni",
      "Kaloleni",
      "Kayafungo",
      "Kibarani",
      "Kambe/Ribe",
      "Maarafa",
      "Magarini",
      "Malindi Town",
      "Mariakani",
      "Matsangoni",
      "Mnarani",
      "Mtepeni",
      "Mwanamwinga",
      "Mwarakaya",
      "Mwawesa",
      "Rabai/Kisurutuni",
      "Ruruma",
      "Shimo la Tewa",
      "Shella",
      "Sokoke",
      "Sokoni",
      "Tezo",
      "Watamu",
      "Ganze Constituency",
      "Kaloleni Constituency",
      "Kilifi North Constituency",
      "Kilifi South Constituency",
      "Magarini Constituency",
      "Malindi Constituency",
      "Rabai Constituency"
    ]
  },
  {
    "county": "Machakos",
    "lgas": [
      "Athi River",
      "Ekalakala",
      "Ikombe",
      "Katangi",
      "Kathiani Central",
      "Kivaa",
      "Kalama",
      "Kola",
      "Lower Kaewa/Kaani",
      "Machakos Central",
      "Masinga Central",
      "Matuu",
      "Matungulu East",
      "Matungulu North",
      "Matungulu West",
      "Mbiuni",
      "Mitala",
      "Mitaboni",
      "Mua",
      "Mumbuni North",
      "Muthesya",
      "Muthwani",
      "Muvuti/Kiima-Kimwe",
      "Ndithini",
      "Ndalani",
      "Syokimau/Mulolongo",
      "Tala",
      "Upper Kaewa/Iveti",
      "Wamunyu",
      "Kangundo Central",
      "Kangundo East",
      "Kangundo North",
      "Kangundo West",
      "Kathiani",
      "Makutano/Mwala",
      "Masii",
      "Muthetheni",
      "Nakuru East",
      "Ndalani",
      "Ndulele",
      "Ruiru",
      "Tala"
    ]
  },
  {
    "county": "Kwale",
    "lgas": [
      "Chengoni/Samburu",
      "Dianni",
      "Dzombo",
      "Gombato Bongwe",
      "Kasemeni",
      "Kinango",
      "Kinondo",
      "Kubo South",
      "Mackinon Road",
      "Mkongani",
      "Mwereni",
      "Mwavumbo",
      "Ndavaya",
      "Pongwe/Kikoneni",
      "Ramisi",
      "Tiwi",
      "Tsimba Golini",
      "Ukunda",
      "Vanga",
      "Waa",
      "Matuga Constituency",
      "Msambweni Constituency",
      "Kinango Constituency",
      "Lunga Lunga Constituency"
    ]
  }
]
